﻿nome,valor
"Placa de Vídeo RTX 5060 Ti EAGLE OC 16G Gigabyte NVIDIA GeForce, 16GB GDDR7, 128bits, RGB, DLSS, Ray Tracing - GV-N506TEAGLE OC-16GD","R$ 4.499,99"
"Placa de Vídeo ASUS DUAL RTX 5060 TI O16G NVIDIA GeForce, 16GB GDDR7, 2602MHz, 128 bits, OpenGL4.6, DLSS 4, Ray Tracing - 90YV0MH0-M0NA00","R$ 4.599,99"
"Placa de Vídeo RTX 5060 Ti GAMING OC 16G Gigabyte NVIDIA GeForce, 16GB GDDR7, 128bits, RGB, DLSS, Ray Tracing - GV-N506TGAMING OC-16GD","R$ 4.599,99"
"Placa de Vídeo ASUS TUF RTX 5060 TI O16G GAMING NVIDIA GeForce, 16GB GDDR7, 128 bits, DLSS 4, Ray Tracing - 90YV0MG0-M0NA00","R$ 4.999,99"
"Placa de Vídeo RTX 5060 Ti EAGLEOC ICE 16G Gigabyte NVIDIA GeForce, 16GB GDDR7, 128bits, RGB, DLSS, Ray Tracing - GV-N506TEAGLEOC ICE-16GD","R$ 4.599,99"
"Placa de Vídeo RTX 5060 Ti AERO OC 16G Gigabyte NVIDIA GeForce, 16GB GDDR7, 128bits, RGB, DLSS, Ray Tracing - GV-N506TAERO OC-16GD","R$ 4.799,99"
"Placa de Vídeo ASUS PRIME-RTX 5060 TI O16G NVIDIA GeForce, 16GB GDDR7, 128 bits, 2602MHz, OpenGL 4.6, Ray Tracing - 90YV0MH2-M0NA00","R$ 4.699,99"
"Placa de Vídeo RX 6600 CLD 8G ASRock AMD Radeon, 8GB, GDDR6 - 90-GA2RZZ-00UANF","R$ 1.599,90"
"Placa de Vídeo RX 7600 GAMING OC 8G AMD Radeon Gigabyte, 8GB, GDDR6, 128bits, RGB - GV-R76GAMING OC-8GD","R$ 1.899,99"
"Placa de Vídeo RX 6750XT Gaming XFX Graphics Card AMD Radeon, 12GB GDDR6, Ray tracing, Fidelity FX - RX-675TMBAF9","R$ 2.599,99"
"Placa de Vídeo RX 6650XT XFX Speedster SWFT210 AMD Radeon, 8GB GDDR6, HDMI 3xDP 2 FAN - RX-665X8DFDY","R$ 1.699,99"
"Placa de Video RTX 4060 Infinity 2 Palit NVIDIA GeForce, 8GB, GDDR6, DLSS, Ray Tracing, G-Sync - NE64060019P1-1070L","R$ 2.299,99"
"Placa de Vídeo RX 7600 Series Graphics Cards XFX AMD Radeon, 8GB GDDR6 - RX-76PQICKBY","R$ 1.999,99"
"Placa de Vídeo Galax GeForce RTX 3050 EX V2, 6GB, GDDR6, 96 Bits - 35NRLDHP9OID","R$ 1.399,99"
"Placa de Vídeo RTX 4060 Ti Eagle OC Gigabyte NVIDIA GeForce, 8 GB GDDR6, DLSS, Ray Tracing - GV-N406TEAGLE OC-8GD G10","R$ 3.299,99"
"Placa de Vídeo RTX 4060 TI Rog-Strix O8G Gaming NVIDIA GeForce, 8GB GDDR6, ARGB, DLSS, Ray Tracing, G-Sync - ROG-STRIX-RTX4060TI-O8G-GAMING","R$ 3.399,99"
"Placa de Vídeo RTX 4060 EAGLE OC Gigabyte NVIDIA GeForce, 8GB GDDR6, DLSS, Ray Tracing - GV-N4060EAGLE OC-8GD","R$ 2.699,90"
"Placa de Vídeo Gigabyte RTX 3050 Windforce OC NVIDIA GeForce, 6GB, GDDR6, DLSS, Ray Tracing - GV-N3050WF2OCV2-6GD","R$ 1.249,99"
"Placa de Vídeo RTX 5070 Ti WINDFORCE SFF 16G Gigabyte NVIDIA GeForce, 16GB, GDDR7, 256bits, DLSS, Ray Tracing - 9VN507TW-00-G10","R$ 6.999,99"
"Placa de Vídeo MSI RTX 3050 Ventus 2X XS OC NVIDIA GeForce, 8GB GDDR6 - 912-V809-4266","R$ 1.609,90"
"Placa de Vídeo RTX 4060 VENTUS 2x Black OC MSI NVIDIA GeForce, 8GB GDDR6, DLSS, Ray Tracing","R$ 2.299,99"
"Placa de Vídeo RTX 4060 8G V2 Gaming ATS OC ASUS NVIDIA GeForce, 8GB, GDDR6, DLSS, Ray Tracing, G-Sync - 90YV0JM2-M0NA00","R$ 2.499,99"
"Placa De Vídeo Galax GeForce RTX 4060, 8GB, 1 Click Oc V2, GDDR6, 128 Bits - 46nsl8md9nxv","R$ 2.703,55"
"Placa de Vídeo GTX 1650 D6 Ventus XS OCV3 MSI NVIDIA GeForce, 4GB GDDR6, G- Sync - 912-V812-003","R$ 1.199,99"
"Placa de Vídeo G210 PCYes Projeto Edge Low Profile NVIDIA GeForce, 1GB DDR3 - PPE210DR3SFBR","R$ 119,90"
"Placa de Vídeo RTX 3050 ASUS 6G Dual OC NVIDIA GeForce, 6GB GDDR6, DLSS, Ray Tracing, G-Sync - 90YV0K60-M0NA00","R$ 1.299,90"
"Placa de Vídeo Palit RTX 5070 GamingPro NVIDIA GeForce, 12GB, GDDR7, ARGB SYNC EVO, G-Sync, Ray Tracing, DLSS 4 - NE75070019K9-GB2050A","R$ 5.799,99"
"Placa de Vídeo RTX 4060 Ti OC Edition Asus TUF Gaming NVIDIA GeForce, 8GB, GDDR6, ARGB, DLSS - TUF-RTX4060TI-O8G-GAMING","R$ 3.499,99"
"Placa de Vídeo ASRock RX 6600 Challenger White AMD Radeon, 8GB, GDDR6, DirectX 12 Ultimate, RDNA 2 - 90-GA4UZZ-00UANF","R$ 1.699,99"
"Placa de vídeo RTX 4060 ASUS Dual 8G EVO OC NVIDIA GeForce, 8GB GDDR6, G-SYNC, Ray Tracing - 90YV0JC7-M0NA00","R$ 2.499,90"
"Placa de Vídeo X 7800 XT GAMING PULSE Sapphire AMD RADEON, 16GB GDDR6 DUAL HDMI - 11330-02-20G","R$ 4.299,99"
"Placa de Vídeo PNY NVIDIA GeForce GT 1030, 2GB, GDDR4 - GMG103WE3G2CX1KTP","R$ 379,99"
"Placa de Vídeo RTX 4060 TI O8G EVO OC ASUS NVIDIA GeForce, 8GB, GDDR6, DLSS3, Ray Tracing, G-Sync - 90YV0J49-M0NA00","R$ 3.299,99"
"Placa de Vídeo RX 6500 XT V2 OC Edition, 4GB GDDR6, Axial-tech fans, 2-slot design - DUAL-RX6500XT-O4G-V2","R$ 1.149,99"
"Placa De Vídeo RTX 3060 Zotac Nvidia Geforce, 12GB, GDDR6, 192 Bits - A30600p-10m","R$ 2.347,70"
"Placa de Vídeo G610 Projeto Edge Low Profile PCYes NVIDIA GeForce, 2GB, DDR3 - PPE610DR3LPBR","R$ 189,99"
"Placa de Vídeo RX 7800XT Gaming 16G XFX Speedster QICK319 AMD Radeon, 16GB DDR6, HDMI 3xDP 3 FAN - RX-78TQICKF9","R$ 4.499,99"
"Placa de Vídeo RTX 4060 Inno3D Twin X2 NVIDIA Geforce, 8GB GDDR6, G-Sync, DLSS, Ray Tracing - N40602-08D6-173051N","R$ 2.299,99"
"Placa De Vídeo Gamer Hwj AMD Radeon Rx580 HDMI 8GB, GDDR5, 256bits","R$ 820,90"
"Placa de Vídeo RX 7900 XT Sapphire AMD, 20 GB GDDR6 - 11323-02-20G","R$ 5.799,99"
"Placa de Vídeo RTX 5070 WINDFORCE SFF 12G Gigabyte NVIDIA GeForce, 12GB, GDDR7, 192bits, DLSS, Ray Tracing - 9VN5070W-00-G10","R$ 5.399,99"
"Placa de Vídeo RTX 4060 EAGLE OC ICE Gigabyte NVIDIA GeForce, 8GB GDDR6, DLSS, Ray Tracing - GV-N4060EAGLEOC ICE-8GD","R$ 2.699,99"
"Placa de Vídeo Gigabyte RX 9070 XT GAMING OC 16G AMD Radeon, RGB, 16GB, GDDR6, 256bits, OpenGL 4.6 - GV-R9070XTGAMING OC-16GD","R$ 7.699,99"
"Placa de Vídeo RX 550 AMD PCYes Dual Fan Projeto Edge, 4GB GDDR5, 128 BITS - PVEX5504GBDF","R$ 549,90"
"Placa de Vídeo Gigabyte RTX 5070 Ti GAMING OC 16G NVIDIA GeForce, 16GB GDDR7, 256bits, RGB, DLSS, Ray Tracing - 9VN507TGO-00-G10","R$ 8.269,99"
"Placa de Vídeo Gigabyte RTX 5080 GAMING OC, NVIDIA, 16GB, GDDR7, BIOS DUAL, IA com FP4, DLSS 4 - GV-N5080GAMING OC-16GD G10","R$ 11.399,99"
"Suporte Para Placa De Vídeo Ntc, R10, Preto - R10blk","R$ 17,77"
"Placa de Vídeo RX 7600 Steel Legend ASRock AMD Radeon, 8GB GDDR6, ARGB - 90-GA4DZZ-00UANF","R$ 2.299,99"
"Suporte de Placa de Vídeo Rise Mode, ARGB, 500mm, Aura V1, Branco - RM-SPVG-01-ARGB-W","R$ 79,99"
"Placa de Vídeo MSI Geforce RTX 5070 TI 16G VENTUS 3X OC, NVIDIA, 16GB, GDDR7, Até 2497MHz - G507T-16V3C","R$ 8.399,99"
"Placa de Vídeo GTX 750 TI PCYes NVIDIA GeForce, 4GB GDDR5, 128 Bit, Full Size - PA750TIR5DFFS","R$ 599,99"
"Placa de Vídeo R5 230 PCYes Projeto Edge Low Profile NVIDIA GeForce, 2GB DDR3 - PPER230DR3LPBR","R$ 175,90"
"Placa de Vídeo Inno3D GT710 NVIDIA GeForce, 2Gb SDDR3, HDMI, DVI e VGA - N710-1SDV-E3BX","R$ 229,99"
"Placa de Vídeo R5 220 PCYes Projeto Edge Low Profile, AMD Radeon 2GB, DDR3 - PPER5DR3LPBR","R$ 179,89"
"Placa de Vídeo Gigabyte RTX 5070 Ti WINDFORCE OC SFF 16G NVIDIA GeForce, 16GB GDDR7, 256bits, DLSS, Ray Tracing - 9VN507TWO-00-G10","R$ 7.799,99"
"Placa de Vídeo Palit RTX 5080 GameRock OC NVIDIA GeForce, 16GB, GDDR7, ARGB SYNC EVO, G-Sync, Ray Tracing, DLSS 4 - NE75080T19T2-GB2030G","R$ 11.999,99"
"Placa de Vídeo Sapphire Pulse RX 6500 XT Gaming OC AMD, 8GB, GDDR6, 2855MHz, HDMI e DP - 11314-08-20G","R$ 1.399,99"
"Placa de Vídeo MSI RTX 5070 12G GAMING TRIO OC NVIDIA GeForce, 12GB, GDDR7, 2610 MHz, DLSS4, Ray Tracing - G5070-12GTC","R$ 6.399,99"
"Placa de Vídeo RX 7600 Challenger ASRock AMD Radeon, 8GB GDDR6 - 90-GA41ZZ-00UANF","R$ 1.999,99"
"Placa de Vídeo RTX 3050 Twin X2 Inno3D NVIDIA GeForce, 6GB - N30502-06D6-1711VA60","R$ 1.289,90"
"Placa de Vídeo ASUS RTX5090 ROG Astral Gaming OC NVIDIA GeForce, 32GB, GDDR7, ARGB, G-Sync, Ray Tracing, DLSS 4, HDR - 90YV0LW0-M0NA00","R$ 29.999,99"
Placa de Vídeo Colorful GeForce RTX 4060 NB DUO 8GB-V,"R$ 2.299,99"
"Placa de Vídeo PCyes NVIDIA RTX 2060 Graffiti Series, 6GB, GDDR6, Preto - PA2060RTX6GDF","R$ 1.499,99"
"Placa De Vídeo Vx Pro Duex GT 210 GeForce 1GB, DDR3, 64 Bits, Low Profile, VGA/HDMI/DVI - G210lp-1gd3","R$ 143,44"
"Placa de Vídeo ASUS TUF RTX 5070 Ti O16G GAMING NVIDIA Geforce, 16GB, GDDR7, IA com FP4 e DLSS4, Edição OC - 90YV0MD0-M0NA00","R$ 9.299,99"
"Placa de Vídeo Gigabyte RTX 5080 AERO OC, NVIDIA, 16GB, GDDR7, BIOS DUAL, IA com FP4, DLSS 4 - GV-N5080AERO OC-16GD G10","R$ 11.599,99"
"Placa de Vídeo RX 7900 XTX Vapor-X Sapphire, Nitro + AMD, 24 GB GDDR6 - 11322-01-40G","R$ 8.899,99"
"Placa de Vídeo Gigabyte RTX 5070 GAMING OC 12G NVIDIA GeForce, 12GB GDDR7, 192bits, RGB, DLSS, Ray Tracing - 9VN5070GO-00-G10","R$ 6.599,99"
"Placa de Vídeo Gigabyte RX 7700 XT GAMING OC 12G AMD Radeon, 12GB, GDDR6, 192bits, RGB - GV-R77XTGAMING OC-12GD","R$ 3.799,99"
"Placa de Vídeo MSI RTX 5080 16G VENTUS 3X OC PLUS NVIDIA GeForce, 16GB, GDDR7, G-Sync, Ray Tracing, DLSS 4, HDR - G5080-16V3CP","R$ 10.799,99"
Placa De Video Zotac Geforce RTX 4060 Twin Edge 8GB Gddr6 128bit - Zt-d40600e-10m,"R$ 2.354,90"
"Placa De Vídeo RX 580 PCwinmax, 16GB RAM, GDDR5, Branca, 256bits","R$ 1.318,90"
"Placa de Vídeo RX 6600 8G-V3 Dual ASUS AMD Radeon, 8GB GDDR6 - 90YV0GP3-M0NA00","R$ 1.949,99"
Placa De Video Amd Radeon Xfx Gaming Rx 7800xt Speedster 16gb Ddr6 Qick319 HDMI 3xdp 3 Fan - Rx-78tqickf9,"R$ 4.443,33"
"Placa de Vídeo RX 7800 XT Phantom Gaming 16G OC ASRock AMD Radeon, 16GB, ARGB, Ray Tracing - 90-GA4MZZ-00UANF","R$ 4.999,99"
Placa De Video Quadro 4GB Ddr6 64bit Vcnt4004GB-pb T400 Pny,"R$ 1.365,15"
"Placa de Vídeo Inno3D RTX 5070 Twin X2 OC WHITE NVIDIA GeForce, 12GB, GDDR7, 2542MHz, Blackwell, DLSS4 - N50702-12D7X-195064W","R$ 5.499,99"
"Placa de Vídeo ASUS PRIME RTX 5070 Ti O16G NVIDIA Geforce, 16GB, GDDR7, IA com FP4 e DLSS4, Edição OC - 90YV0MF0-M0NA00","R$ 7.999,99"
Cabo Extensor PCI Express Rise Mode Riser - RM-EX-PV,"R$ 159,99"
"Placa de Vídeo RTX 4060 Gaming OC Gigabyte NVIDIA GeForce, 8GB GDDR6, RGB, DLSS, Ray Tracing - GV-N4060GAMING OC-8GD","R$ 2.699,99"
"Placa de Vídeo RTX 4060 TI DUAL 8G OC EVO White ASUS NVIDIA GeForce, 8GB GDDR6, DLSS, Ray Trancing, G-Sync - DUAL-RTX4060TI-O8G-EVO-WHITE","R$ 3.499,99"
"Placa de Vídeo MSI RTX 5070 Ti 16G VANGUARD SOC LAUNCH EDITION NVIDIA GeForce, 16GB, GDDR7, 2602MHz, DLSS 4 - G507T-16VGSL","R$ 9.199,99"
"Placa de Vídeo ASUS Dual GeForce RTX 4060 EVO White OC Edition, 8GB, GDDR6 - 90YV0JCB-M0NA00","R$ 2.499,99"
"Placa de Vídeo Gigabyte RTX 5080 AORUS MASTER, NVIDIA, 16GB, GDDR7, BIOS DUAL, IA com FP4, DLSS 4 - GV-N5080AORUS M-16GD G10","R$ 13.999,99"
"Placa de Vídeo RX 7900XTX BLACK Gaming 24G XFX Speedster MERC310 AMD Radeon, 24GB DDR6, 3 FAN - RX-79XMERCB9","R$ 6.648,98"
"Placa de Vídeo Palit RTX 5080 GameRock NVIDIA GeForce, 16GB, GDDR7, ARGB SYNC EVO, G-Sync, Ray Tracing, DLSS 4 - NE75080019T2-GB2030G","R$ 9.999,99"
"Placa de Vídeo Palit RTX 5070 GamingPro OC NVIDIA GeForce, 12GB, GDDR7, ARGB SYNC EVO, G-Sync, Ray Tracing, DLSS 4 - NE75070T19K9-GB2050A","R$ 6.899,99"
"Placa de Vídeo R7 250 PCYes AMD Radeon, 4GB GDDR5, 128 Bit - PJR7250X4GB","R$ 439,99"
"Placa de Vídeo Afox RX 550 AMD Radeon 4GB, GDDR5, 128 Bits - AFRX550-4096D5H4-V5","R$ 539,90"
"Placa de Vídeo MSI Geforce RTX 5070 12G VANGUARD SOC LAUNCH EDITION NVIDIA GeForce, 12GB, GDDR7, 192 bits, FP4 e DLSS 4 - G5070-12VGSL","R$ 6.499,99"
Placa de Vídeo MSI GeForce RTX 5080 16G SHADOW 3X OC - G5080-16S3C,"R$ 9.999,99"
"Placa de Vídeo ASUS TUF RTX 5070 O12G GAMING NVIDIA Geforce, 12GB, GDDR7, Blackwell, DLSS4, Edição OC - 90YV0LZ0-M0NA00","R$ 6.599,99"
"Placa de Vídeo PNY Quadro A2000 RTX A2000 NVIDIA GeForce 12GB , GDDR6 192bits - Vcnrtxa200012GB-pb","R$ 5.268,36"
"Placa De Vídeo Nvidia Geforce 4gb Gtx 550ti, GDDR5, 128 Bit, G-gtx550ti/4g -revenger","R$ 382,28"
"Placa De Vídeo Gamer 8GB Rx580 GDDR5, PCi-e 3.0x16, 256bits,clock 7000mhz, HDMI Displayport, Alto Desempenho","R$ 807,81"
"Placa De Vídeo Xfx Speedster Swft210 Radeon Rx 7600 Com 8GB Gddr6 HDMI 3xdp, Amd Rdna 3 Rx-76pswftfy.","R$ 1.859,00"
"Placa de Vídeo Afox AMD Radeon RX 550, 4GB GDDR5, 128 Bits - AFRX550-4096D5H4-V6","R$ 578,40"
"Placa De Video Pcyes AMD Radeon R7 240, 4GB, GDDR5, 128 Bits, Single-fan, Gaming Edition - Pvr2404gbr5128","R$ 324,72"
Placa De Video Gigabyte Geforce RTX 5070 Gaming Oc 12gb Gddr7 192 Bits - Gv-n5070gaming Oc-12gd,"R$ 5.429,90"
"Placa de Vídeo Quadro T1000 PNY NVIDIA, 8GB, GDDR6, PCIe 3.0 - VCNT10008GB-PB","R$ 3.499,99"
"Placa de Vídeo MSI RTX 5080 16G GAMING TRIO OC NVIDIA GeForce, 16GB, GDDR7, G-Sync, Ray Tracing, DLSS 4, HDR - G5080-16GTC","R$ 10.999,99"
"Placa de Vídeo RTX4060 ProArt OC Edition ASUS NVIDIA GeForce, 8GB, GDDR6, DLSS, Ray Tracing, G-Sync - 90YV0JM0-M0NA00","R$ 2.599,99"
"Placa de Vídeo PCWINMAX RX 580 Gamer AMD Radeon 16GB, GDDR5, 256bits, LED, RGB, Branca","R$ 1.066,03"
"Suporte para Placa de Vídeo Cooler Master Atlas, ARGB, Em Vidro Temperado, MCA-U000R-AGSBTG-00","R$ 159,99"
"Placa de Vídeo RX 7900 XTX Taichi ASRock AMD Radeon, White 24G OC - RX7900XTX TCW 24GO","R$ 7.599,99"
"Suporte Para Placa De Vídeo Ntc R10, Branco - R10WHT","R$ 17,77"
"Placa de Vídeo RTX 3060 Gainward NVIDIA GeForce, Ghost 190AU, 12GB, GDDR6, 192 Bits, Dual FAN - NE63060019K9","R$ 2.677,24"
"Placa De Video Galax Geforce RTX 5080 1-click Oc, 16gb, Gddr7, 256-bit, 58nzn6mdbboc","R$ 12.839,47"
"Placa De Vídeo Pny Nvidia Geforce RTX 4060 Verto, Dual Fan, 8GB, GDDR6, Dlss, Ray Tracing - Vcg40608dfxpb1","R$ 2.602,59"
"Placa de Vídeo RTX 4060 OC Gigabyte NVIDIA GeForce, 8GB, GDDR6, RGB, DLSS, Ray Tracing - 9VN4060O8L-00-10","R$ 2.599,99"
"Placa de Vídeo Palit RTX 5090 GameRock OC NVIDIA GeForce, 32GB, GDDR7, ARGB SYNC EVO, G-Sync, Ray Tracing, DLSS 4 - NE75090S19R5-GB2020G","R$ 22.999,99"
"Placa de Vídeo ASUS RTX5090 ROG Astral LC Gaming OC NVIDIA GeForce, 32GB, GDDR7, G-Sync, Ray Tracing, DLSS 4, HDR - 90YV0LW2-M0NA00","R$ 28.999,99"
"Placa de Vídeo ASUS PRIME RX 9070 O16G AMD Radeon, 16GB, GDDR6, Axial-tech, OpenGL 4.6 - 90YV0LI1-M0NA00","R$ 6.299,99"
"Placa de Vídeo Gigabyte RTX 5070 Ti EAGLE OC SFF 16G NVIDIA GeForce, 16GB GDDR7, 256bits, RGB, DLSS, Ray Tracing - 9VN507TEO-00-G10","R$ 7.999,99"
"Placa De Vídeo RTX3050 Nvidia, GDDR6, 6GB, 96 Bits, PCyes - PvRTX30506gb","R$ 1.349,00"
"Placa de Vídeo Inno3D RTX 5070 Twin X2 NVIDIA GeForce, 12GB, GDDR7, Ray Tracing, Blackwell, DLSS 4 - N50702-12D7-195064N","R$ 5.999,99"
"Placa de Vídeo Revenger Nvidia GeForce GT730, 4GB DDR3, PCIe","R$ 338,90"
"Placa de Vídeo MSI RTX 3050 Ventus 2X OC, 6GB RAM, GDDR6, 96 Bits - 912-V812-016","R$ 1.532,55"
"Placa de Video RTX 3050 Stormix Palit NVIDIA GeForce, 6GB GDDR6, DLSS, Ray Tracing, Adaptive Sync - NE63050018JE-1070F","R$ 1.249,99"
"Placa de Vídeo ASUS PRIME RTX 5070 O12G NVIDIA Geforce, 12GB, GDDR7, Blackwell e DLSS4, Ray Tracing, Edição OC - 90YV0M10-M0NA00","R$ 5.999,99"
"Placa de Vídeo Gigabyte RTX 5070 EAGLE OC ICE SFF 12G NVIDIA GeForce, 12GB GDDR7, 192bits, RGB, DLSS, Ray Tracing - 9VN5070EOI-00-G10","R$ 6.699,99"
"Placa de Vídeo Intel Arc A770 Phantom Gaming AsRock, 16GB, GDDR6, RGB, Polychrome SYNC - 90-GA4KZZ-00UANF","R$ 2.799,99"
"Placa de Vídeo ASRock Intel Arc B580 Steel Legend 12G OC, 12GB, GDDR6, 2800MHz - 90-GA5CZZ-00UANF","R$ 2.459,99"
"Placa de Vídeo ASRock AMD Radeon, RX 6600 CLD 8G, 8GB, GDDR6, 128 Bits - 90-GA2RZZ-00UANF","R$ 1.689,12"
Placa De Video Gamer Nvidia Geforce Gtx750 GDDR5 4gb 128bits,"R$ 430,00"
"Placa De Video Inno3d Geforce RTX 4060 Ti Twin X2 Oc 16gb Gddr6 128-bit, N406t2-16d6x-178055n","R$ 5.005,19"
"Placa de Vídeo PNY NVIDIA GeForce Quadro T400, 2GB GDDR6, 64 Bits - VCNT400-PB","R$ 894,57"
"Placa de Vídeo PowerColor AMD Radeon RX550, 4GB, GDDR5, 128 Bits - 4GBD5-HLE","R$ 482,55"
"Placa De Vídeo Colorful Nvidia Geforce GTX 1660 Super Nb Duo 6g-v, 6GB","R$ 1.499,00"
Placa De Vídeo Gigabyte Geforce RTX 5070 Aero Oc 12gb Gddr7 192 Bits - Gv-n5070aero Oc-12gd,"R$ 6.352,43"
"Placa de Vídeo RX 7800 XT Magnetic Air Gaming Graphics Card with XFX Qicksilver White AMD Radeon, 16GB GDDR6, Freesync - RX-78TMAIRW9","R$ 4.599,99"
"Placa de Vídeo RTX A400 PNY Nvidia Quadro, 4GB GDDR6, 64bits - VCNRTXA400ATX-PB","R$ 1.499,99"
"Placa de Vídeo ASUS RTX 4060 TI ATS O8G V2 Gaming NVIDIA GeForce, 8GB, GDDR6, DLSS, Ray Tracing - 90YV0K00-M0NA00","R$ 3.899,99"
"Placa de Vídeo Afox AMD Radeon R5 220, 2GB, DDR3, 64Bits - AFR5220-2048D3L9-V2","R$ 149,90"
"Placa de Vídeo Galax NVIDIA GeForce GT710, 2G,B DDR3, 64Bits - 71GPF4HI00GX","R$ 299,99"
"Placa de Vídeo ASUS RTX 5080 TUF GAMING OC 16G NVIDIA GeForce, 16GB, GDDR7, G-Sync, Ray Tracing, DLSS 4, HDR - 90YV0M30-M0NA00","R$ 12.999,99"
"Placa De Video Pcyes GTX 1660 Super NVIDIA GeForce 6GB, GDDR6, 192bits - Pa1660s6gr6df","R$ 1.590,18"
Placa De Video Msi Geforce RTX 3050 Oc Low Profile 6gb Gddr6 96bits 912-v812-023,"R$ 1.289,90"
Placa De Vídeo Gigabyte Amd Radeon Rx 9070 Gaming Oc 16gb Gddr6 256bit,"R$ 7.244,99"
Placa De Video PCi-e 1gb PCyes Edge G 210 - 64 Bits - Dvi/hdmi/vga - Low Profile - Ppe210dr3sfbr,"R$ 125,99"
"Placa de Vídeo RX 7600 XT OC ASUS AMD Radeon Dual O16G, 16GB GDDR6 - 90YV0K21-M0NA00","R$ 2.999,99"
"Placa de Vídeo RX 7900XT Gaming 20G XFX Speedster MERC310 Radeon, 20GB DDR6 HDMI 3 FAN - RX-79TMERCU9","R$ 5.499,99"
"Placa De Vídeo Gamer Amd Radeon Rx470, 4gb GDDR5, Clock 6600mhz, 256bit, PCi-e 3.0x16, HDMI Dvi E Dp, Alto Desempenho","R$ 594,00"
"Placa De Vídeo BRX Geforce Gt730, 4GB, 128 Bits, DDR3","R$ 265,52"
Suporte P/ Placa De Vídeo Ajustável Preto Com Base Imantada Ax-b100,"R$ 64,99"
"Placa De Vídeo 4060 Ti Ex White V2 Geforce, 8GB, GDDR6, Dlss, Ray Tracing - 46isl8md8bew","R$ 3.199,00"
Placa De Video 4gb Gt730 Ddr3 128bit Vga/hdmi/dvi Gt730-graphic Star,"R$ 298,92"
"Placa de Vídeo Duex AMD Radeon RX550, 4GB GDDR5, 128 Bits, HDMI/DVI/DISPLAYPORT - DX RX550-4GB","R$ 559,00"
Placa De Vídeo Rx 580 8GB Gdd5 256bits Bluecase,"R$ 1.099,99"
"Placa De Vídeo Inno3d Geforce Rtx 3060 12GB Twin X2, Gddr6, Dlss, Ray Tracing, 3x Dp / 1x HDMI - N30602-12d6-119032ah","R$ 2.479,99"
"Placa de Vídeo Galax GT 1030, NVIDIA GeForce 2GB, DDR5, 64 Bits, 6008MHz - 30NPH4HVQ4ST","R$ 779,00"
"Placa De Vídeo Pcyes Nvidia Geforce G 210, 1GB, DDR3, 64Bits - Pvg2101gbr364lp","R$ 248,90"
"Placa de Vídeo Galax NVIDIA GeForce RTX 3050 EX, 6GB, GDDR6, 96 Bits - 35NRLDMD9OEX","R$ 1.632,00"
"Placa de Vídeo Colorful NVIDIA GeForce G-C1030, 2GB DDR4, V5-VPLAC, HDMI, VGA","R$ 399,00"
"Placa de Vídeo Gigabyte RTX 5070 AERO 12G NVIDIA GeForce, 12GB GDDR7, 192bits, RGB, DLSS, Ray Tracing - 9VN5070AO-00-G10","R$ 6.799,99"
"Placa de Vídeo Gigabyte RTX 5090 WINDFORCE OC 32G NVIDIA GeForce, 32GB, GDDR7, G-Sync, DLSS 4, Ray Tracing, HDR - GV-N5090WF3OC-32GD","R$ 23.999,99"
"Placa de Vídeo Gigabyte RTX 5070 Ti AORUS MASTER 16G NVIDIA GeForce, 16GB GDDR7, 256bits, RGB, DLSS, Ray Tracing - 9VN507TAM-00-G10","R$ 9.999,99"
"Placa de Vídeo Palit RTX 5090 GameRock NVIDIA GeForce, 32GB, GDDR7, ARGB SYNC EVO, G-Sync, Ray Tracing, DLSS 4 - NE75090019R5-GB2020G","R$ 23.999,99"
"Placa de Vídeo Afox AMD Radeon R5 220, 1024MB DDR3, 64 Bits, HDMI, DVI, VGA - AFR5220-1024D3L5-V2","R$ 230,58"
"Placa de Vídeo Gigabyte AMD Radeon RX 6500 XT Eagle, 4GB GDDR6, FSR, Ray Tracing - GV-R65XTEAGLE-4GD","R$ 1.142,99"
"Placa De Vídeo Pny Nvidia Quadro RTX A1000, 8GB, Gddr6, 128bits - VcnRTXa1000atx-pb","R$ 3.951,48"
"Placa de Vídeo RTX 5080 AORUS MASTER ICE 16G Gigabyte NVIDIA GeForce, 16GB GDDR7, 256bits, RGB, DLSS, Ray Tracing - GV-N5080AORUSM ICE-16GD","R$ 13.999,99"
"Placa de Vídeo ASRock RX 9070 Challenger AMD Radeon, LED, 16GB, GDDR6, FidelityFX, RDNA - 90-GA5NZZ-00UANF","R$ 6.499,99"
"Placa de Vídeo RTX 5000 Ada PNY NVIDIA Quadro , 32GB, GDDR6, 256bits - VCNRTX5000ADA-PB","R$ 28.999,99"
"Placa de Vídeo Quadro T400 PNY NVIDIA, 4GB, GDDR6, PCIe 3.0 - VCNT4004GB-PB","R$ 1.494,79"
"Placa De Vìdeo Gigabyte Geforce RTX 5080 Windforce Sff, 16gb, Gddr7, Dlss4, Preto","R$ 10.799,00"
Placa De Vídeo RTX 4060 8GB Python Ii Gddrd6 128b Gainward - Ne64060019p1-1070v,"R$ 2.380,39"
"Placa De Vídeo Pcyes Nvidia Geforce Gtx 1050 Ti, 4 GB Gddr5, 128bits, Dual Fan, Graffiti Series","R$ 1.037,00"
"Placa De Vídeo RTX 4060 VENTUS 2x White Oc Msi NVIDIA Geforce, 8GB, GDDR6, DlSS, Ray Tracing - 912-v516-030","R$ 3.108,48"
"Placa De Vídeo Pcyes Radeon R5 220, 2GB, GDDR3, 64 BITS, Low Profile - PVR52202GBR364","R$ 240,45"
"Placa de Vídeo Duex NVIDIA GeForce GTX 750 TI, 4GB GDDR5, 128 Bits - DX GTX750TI-4GD5","R$ 633,16"
"Placa de Vídeo PCYes RTX 2060 NVIDIA GeForce GEF 6GB, GDDR6, 192 Bits, Dual FAN, Full Size","R$ 1.796,67"
Placa De Video Zotac Nvidia Geforce RTX 5080 Solid 16gb Oc Gddr7 Dlss Ray Tracing Zt-b50800j-10p,"R$ 11.870,00"
"Placa de Vídeo RTX 5080 AORUS XTREME WATERFORCE 16G Gigabyte NVIDIA GeForce, 16GB GDDR7, RGB, DLSS, Ray Tracing - 9VN5080AW-00-G10","R$ 13.999,99"
"Placa de Vídeo Gigabyte RTX 5070 Ti EAGLE OC ICE SFF 16G NVIDIA GeForce, 16GB GDDR7, 256bits, RGB, DLSS, Ray Tracing - 9VN507TEOI-00-G10","R$ 8.999,99"
"Placa de Vídeo RX 7600 Series Graphics Cards XFX AMD Radeon, 8GB GDDR6 - RX-76PSWFTFY","R$ 1.999,99"
"Placa De Vídeo MSI GTX 1650 D6 Ventus XS OCV3 NVIDIA GeForce, 4GB, GDDR6, 128 Bits - 912-V812-003","R$ 1.244,59"
Placa De Vídeo Amd Radeon Geforce Rx 570 GDDR5 4gb PCyes,"R$ 799,99"
"Placa De Vídeo Gt610 Duex Nvidia GeForce, 1GB, GDDR3 64 Bits Low Profile - Gt610lp-1gd3","R$ 173,50"
"Placa de Vídeo Gigabyte RTX 5070 Ti AERO OC 16G NVIDIA GeForce, 16GB GDDR7, 256bits, RGB, DLSS, Ray Tracing - 9VN507TAO-00-G10","R$ 9.499,99"
Placa De Video Amd Radeon Rx 560 4gb 128bits GDDR5 HDMI Gamer,"R$ 678,03"
Placa De Video Gamer Nvidia Gtx 1660 TI 6gb 192bits Gddr6 HDMI,"R$ 1.452,55"
"Placa De Vídeo Nvidia Geforce Gt740, GDDR5 4g, Clock 5.000mhz, PCi Express 3.0, Saídas De Vídeo HDMI Vga E Dvi, Resolução 2560x1600p","R$ 414,14"
Placa de vídeo RTX 4060 8GB GDDR6 DLSS 3 Ray Tracing 3ª Geração Tensor Cores Palit Infinity 2 Dual Fan Nvidia Geforce - NE64060019P1-1070L,"R$ 3.166,89"
"Placa de Vídeo Galax NVIDIA GeForce RTX 3060, 12GB GDDR6, LHR, 1-Click OC, 15GBps, Ray Tracing, DLSS - 36NOL7MD1VOC","R$ 2.909,90"
"Placa De Vídeo Asus Nvidia Geforce RTX 4060, Dual White Oc, 8GB, GDDR6, 128 Bits - Dual-Rtx4060-O8g","R$ 3.222,00"
"Placa De Video Zotac Gaming, GeForce RTX 4060TI, 8GB GDDR6, 128-BIT, Twin Edge - ZT-D40610E-10M","R$ 3.859,99"
Placa De Video Gigabyte Geforce RTX 5080 Gaming Oc 16gb Gddr7 256 Bits,"R$ 11.199,00"
"Placa de Vídeo PCyes GeForce GTX 750 Ti, 4GB, GDDR5, 128bits, Dual Fan - Pa750tir5dffs","R$ 676,56"
"Placa de Vídeo ASUS RTX 5080 PRIME OC 16G NVIDIA GeForce, 16GB, GDDR7, G-Sync, Ray Tracing, DLSS 4, HDR - 90YV0LX0-M0NA00","R$ 12.299,99"
Placa De Vídeo Geforce RTX 4080 Super Amp 16gb Gddr6x - Zt-s4082f-10p,"R$ 11.901,95"
Placa De Video Bluecase 4gb Rx 560 Ddr5 128bits - Dp/hdmi/dvi,"R$ 552,00"
Placa De Vídeo Nvidia Revenger Geforce Gt 705 Vga/hdmi 1gb,"R$ 155,00"
Placa De Video Vxpro 4gb Nvidia Gt 730 Ddr3 Low Profile Gt730lp-4gd3-c,"R$ 339,98"
Placa De Video Rx550 Aitek - Delta-rx550,"R$ 512,82"
Placa De Video Gamer Nvidia RTX 2060 6gb 192bits Gddr6 HDMI,"R$ 1.799,00"
"Placa de Vídeo AMD Radeon RX 560, 4GB, GDDR5, 128bits - Pcwinmax Rx560-4gd5g","R$ 636,99"
Amd Radeon Rx 550 4gb GDDR5 128bits - Vxpro Dual Fan - Vxr554f000069,"R$ 559,99"
"Placa De Vídeo Gamer Nvidia Geforce Gtx1660s, Gddr6 6gb, Clock 1.530 Mhz, PCi Express 3.0 X16, Compatível Opengl, HDMI Dvi-d Dp, Upgrade PC","R$ 1.439,90"
Placa De Video Gt610 2gb Ddr3 Revenger HDMI Vga Dvi,"R$ 249,90"
"Placa de Vídeo Galax NVIDIA GeForce GTX 1660, 6GB GDDR5, 1-Click OC - 60SRH7DSY91C","R$ 2.739,53"
"Placa De Video Vx Pro Nvidia Geforce Gt610lp, 2gb, Ddr3, 64bit, Gt610lp-2gd3 *","R$ 178,11"
"Placa De Vídeo R5 220 Pcyes AMD Radeon 2GB, DDR3, 64 Bits - Pper5dr3lpbr","R$ 185,64"
"Placa De Video Pcyes Projeto Edge GPU RTX 3050 NVIDIA Geforce, 6GB, GDDR6, 96Bit, Branco - PVRTX30506WTPE","R$ 1.299,99"
Placa de Vídeo ASRock Intel Arc B570 Challenger 10G OC - 90-GA5KZZ-00UANF,"R$ 2.049,99"
"Placa de Vídeo RX 7600 XT ASUS AMD Radeon Tuf 16G Gaming OC, 16GB GDDR6 - 90YV0K20-M0NA00","R$ 3.899,99"
"Placa de Vídeo GT 1030 Gigabyte NVIDIA GeForce D4, 2GB DDR4 - GV-N1030D4-2GL","R$ 699,99"
Placa De Vídeo Gigabyte Geforce RTX 5070 Eagle Oc Ice Sff 12gb Gddr7 192 Bits - Gv-n5070eagleoc Ice-12gd,"R$ 8.547,50"
"Placa De Vídeo Msi RTX 4060 Ventus 2x Oc Black, Nvidia GeForce, 8GB, GDDR6 - 912-V516-012","R$ 2.937,09"
"Placa De Vídeo Duex Nvidia Geforce Gt610lp, 2gb, Ddr3, 64bit","R$ 169,89"
"Placa De Vídeo Keepdata Geforce GT 730, 2GB, DDR3 - Low Profile Kdgt730-2gd3/128b","R$ 475,40"
"Suporte Para Placa De Vídeo Ntc R15, Branco - R15WHT","R$ 24,90"
Placa De Vídeo RTX 5070 12gb Gddr7 192its Shadow 3x Oc Msi - 912-v532-008,"R$ 5.499,00"
"Suporte Placa De Vídeo Vertical, Rosqueável 50-80mm, Prata, Coolmoon GH-80","R$ 42,61"
"Placa De Vídeo Gt610,DDR3, 2GB, VGA, HDMI, Nvidia Pcie X16 2.0","R$ 171,86"
"Placa De Vídeo Rx580 Radeon Amd, 8GB, GDDR5, 256bit PCwinmax","R$ 1.092,09"
Placa de Video 1Gb GTX550TI Ddr5 128bit Vga/Dvi/Hdmi PV-05 DEX,"R$ 274,01"
"Placa de Vídeo Knup NVIDIA GeForce Revenger GTX 750TI Gamer, 2GB DDR5, DVI, VGA, HDMI - GTX750TI/2G","R$ 744,75"
Suporte Argb Para Placa De Video Cooler Master - Mca-u000r-gsbtg-00,"R$ 237,85"
Placa De Video PCyes Geforce RTX 3050 White 6gb Gddr6 96bits PvRTX30506wtpe,"R$ 1.712,90"
Placa De Video Nvidia Geforce Gtx 1660 Ti 6gb Gddr6 HDMI,"R$ 1.452,55"
Placa De Vídeo Amd Powercolor Red Dragon Radeon Rx 500 Series Rx 570 4gb,"R$ 699,00"
Placa De Video Gigabyte Geforce RTX 5080 Aero Oc 16gb Gddr7 256 Bit,"R$ 11.000,00"
Placa De Vídeo GDDR5 2gb PCle 2.0 128bit 625mhz,"R$ 280,00"
"Placa De Vídeo Aitek GT210, 1GB, DDR3, VGA/HDMI, 500MHz","R$ 130,99"
"Placa de Vídeo Afox AMD Radeon R5 220, 2GB SDDR3 - AFR5220-2048D3L5-V2","R$ 175,49"
"Placa de Vídeo Asus NVIDIA GeForce GTX 1650 TUF, 4GB GDDR6, 2 FANs","R$ 2.149,90"
"Placa de Vídeo RTX 5080 WINDFORCE OC SFF 16G Gigabyte NVIDIA GeForce, 16GB GDDR7, 256bits, DLSS, Ray Tracing - 9VN5080WO-00-G10","R$ 13.999,99"
"Placa De Vídeo Pcyes Projeto Edge GPU RTX 3050 NVIDIA Geforce, 8GB, GDDR6, 128Bit, Branco - PVRTX30508WTPE","R$ 1.699,99"
"Placa de Vídeo MSI GeForce RTX 5080 16G VENTUS 3X OC WHITE NVIDIA GeForce, 16GB, GDDR7, FP4 e DLSS 4 - G5080-16V3CW","R$ 9.999,99"
"Placa de Vídeo Knup NVIDIA GeForce GT730, 2GB DDR3, 128 Bits, VGA/HDMI/DVI - KP-GT730/AB","R$ 565,24"
"Placa de Vídeo ASUS TUF RTX5090 O32G GAMING, NVIDIA, 32GB, GDDR7, 512bits - 90YV0LY0-M0NA00","R$ 23.999,99"
Placa De Video Vxpro 2gb Nvidia Gt 730 Ddr3 Low Profile Vxgt730lp-2gd3-a,"R$ 319,00"
"Placa De Video Galax Geforce RTX 5070 Ti Ex Gamer 1-click Oc, 16gb, Gddr7, 256-bit, 57izn6mdbuex","R$ 9.225,00"
"Placa De Vídeo Brx Amd Radeon Rx 580, 16gb, GDDR5, 256 Bits, Pvbrx-rx58016gb","R$ 1.490,00"
Placa De Video Gigabyte Geforce RTX 5080 Aorus Master Ice 16gb Gddr7 256 Bits - Gv-n5080aorusm Ice-16gd,"R$ 15.128,27"
Placa De Video Nvidia Geforce Gt 730 4gb 128bits GDDR3 HDMI,"R$ 349,00"
"Placa de Vídeo PCYes AMD Radeon 5450, 1GB DDR3, 64 Bits - PJ54506401D3LP","R$ 336,00"
Placa De Vídeo RTX 4070 12gb Gddr6 Palit Dual 192 Bits,"R$ 5.099,90"
"Placa de Vídeo Afox NVIDIA GeForce GT730, 4GB DDR3, 128 Bits, HDMI, DVI, VGA - AF730-4096D3L6","R$ 449,99"
"Placa de Vídeo PNY NVIDIA GeForce Quadro RTX A4000, 16GB, 256 Bits","R$ 10.848,94"
"Placa de Vídeo Dex AMD R7 240, 2GB DDR5, 128 Bits, VGA/DVI/HDMI - PV-04A","R$ 386,11"
"Placa de Vídeo Zotac NVIDIA GeForce RTX 3060 Twin Edge, 12GB GDDR6 - ZT-A30600E-10M","R$ 2.249,00"
"Placa de Vídeo Galax NVIDIA GeForce RTX 3070, 8GB RAM, LHR, 1-Click OC - 37NSL6MD2KCH","R$ 4.229,10"
"Placa De Vídeo BRX Geforce GTX 750, 4GB, 128 Bits","R$ 478,16"
"Placa de Vídeo Gainward NVIDIA GeForce GTX 1050 TI, 4GB GDDR5, 128 Bits - NE5105T018G1-1070F","R$ 1.402,18"
"Placa de Vídeo PCYes NVIDIA GeForce GT 740, 4GB DDR5, 128 Bits - PA740GT12804D5FZ","R$ 471,82"
"Placa de Vídeo GT740 Keepdata, 2GB, DDR5, VGA, 128bit - Kdgt740-2gd5/b","R$ 370,00"
"Placa de Vídeo Quadro RTX A2000 PNY NVIDIA, 12GB GDDR6, Ray Tracing - VCNRTXA200012GB-PB","R$ 5.399,99"
Placa De Vídeo Rtx3050 8gb Twin X2 V2 Gddr6 Inno3d - N30502-08d6-1711va41,"R$ 1.720,58"
Placa De Vídeo Keepdata Geforce Gtx960 4gb Ddr5 PCi-express,"R$ 1.161,90"
"Placa de Vídeo Asus AMD, 12GB GDDR6 - TUF-RX6700XT-O12G-GAMING","R$ 11.039,20"
Placa De Vídeo PCyes Nvidia Geforce Gt 710 2gb Ddr3 64 Bits Low Profile - Ppet7102gblp,"R$ 308,00"
"Placa de Vídeo Afox NVIDIA GeForce GTX750, 2GB GDDR5, 128 Bits, HDMI, DVI, VGA - AF750-2048D5L4","R$ 898,20"
"Placa De Vídeo Gt730, GDDR3, 4GB, VGA, HD, Dvi, 128 Bits, 700mhz","R$ 311,00"
"Placa de Vídeo Quadro A800 PNY Nvidia, 40GB HBM2, 5120bits - VCNA800-PB","R$ 69.999,99"
"Placa de Vídeo Afox NVIDIA GeForce GT240, 1024 MB, PCI Express 2.0, VGA, HDMI, DVI","R$ 264,90"
Gpu Nv RTX3050 6gb Gddr6 Pegasus 96bits Gainward Ne63050018je-1070e,"R$ 1.634,90"
"Placa De Vídeo Star 2GB, GT610, DDR3, 64bit, VGA/HDMI/DVI Low Profile - Gt610-graphic","R$ 193,06"
"Placa de Vídeo PNY NVIDIA GeForce Quadro T1000, 8GB GDDR6 - VCNT10008GB-PB","R$ 4.133,51"
"Placa de Vídeo Galax GTX 1660 Super NVIDIA GeForce 6GB, GDDR6 - 60SRL7DSY91S","R$ 2.822,00"
"Placa De Vídeo Gt610, 2gb Ddr3, PCi-e 2.0x16, Clock 1000mhz, 64bits,upgrade PC HDMI Vga Dvi, Estudos, Home Office","R$ 169,99"
"Placa De Vídeo AFOX AMD Radeon R5 230 1GB, DDR3, HDMI, VGA, DVI - AFR5230-1024D3L9-V2","R$ 199,00"
"Placa De Vídeo RTX 4060 Asus Dual O8g Evo Nvidia Geforce, 8GB, GDDR6, 128 Bits","R$ 3.079,99"
"Placa De Vídeo Zotac NVIDIA Geforce RTX 4060 Twin Edge Oc, 8GB, GDDR6, 128 Bits, HDMI E Displayport - Zt-d40600h-10m","R$ 2.499,00"
"Placa de Vídeo Galax, NVIDIA GeForce RTX 3050 V2, 8GB GDDR6, LHR, 1-Click OC, DLSS, Ray Tracing - 35NSL8MD5YBP","R$ 1.949,00"
"Placa De Vídeo Valianty Radeon Rx 550, 4gb, GDDR5, 128-bit, Preto","R$ 524,90"
"Placa de Vídeo Palit NVIDIA GeForce RTX 3050 Dual, 8GB GDDR6, LHR, DLSS, Ray Tracing - NE63050019P1","R$ 3.843,55"
"Placa De Vídeo Inno3d Gt730, 4GB, SDDR3, 64-bit","R$ 615,85"
"Placa de Vídeo Afox NVIDIA GeForce GTX 750, 4GB DDR5, 128 Bits - AF750-4096D5L4","R$ 1.208,91"
"Placa de Vídeo Afox NVIDIA GeForce GT420, 2GB DDR3 - AF420-2048D3L2","R$ 319,49"
"Suporte Placa De Vídeo Infinity, Led, Argb, Infinito 3 Pinos 5v, Vertical, Branco Prateado","R$ 159,32"
"Placa de Vídeo PCYes AMD Radeon R5 230, 2GB DDR3, 64 Bits - PA230DR364LP","R$ 244,01"
"Placa De Video RTX 4070 Super 12g Ventus 3x Oc, Msi Geforce, GDDR6x, 192 Bits - 912-v513-643","R$ 5.899,00"
Placa De Video Galax Geforce RTX 4070 Teclab Dual 12gb Gddr6x 192 Bits - 47nom7mdabxv,"R$ 7.148,90"
"Placa de Vídeo Afox NVIDIA GeForce GT730, 2GB DDR3, HDMI/DVI/VGA","R$ 488,96"
"Placa De Vídeo GT 610 Pcyes Nvidia Geforce, 2GB, DDR3, 64 BITSs, (Low Profile) - PVG6102GBR364LP","R$ 271,40"
"Suporte Para Placa De Vídeo Vertical Redragon Gcp03w, Branco","R$ 99,00"
"Placa De Vídeo Keepdata 2GB, Geforce Gt610, DDR3 - Low Profile Kdgt610-2gd3/64b","R$ 383,97"
Placa De Vídeo RTX 5070 Ti 16gb Phoenix Gs Gddr7 256bits Gainward - Ne7507ts19t2-gb2031x,"R$ 8.799,92"
"Placa de Vídeo PCYes NVIDIA GeForce GTX 1650 Super, 4GB GDDR6, 128 Bits","R$ 1.480,81"
"Placa de Vídeo PCYes NVIDIA GeForce G210, 1GB DDR3, HDMI/VGA/DVI - PA210G6401D3LP","R$ 279,00"
"Placa De Vídeo Pny Nvidia RTX 5000 Ada Generation, 32gb, Gddr6, 256bits - VcnRTX5000ada-pb","R$ 46.422,62"
"Placa De Vídeo Pny Nvidia Quadro RTX 2000 Ada Generation, 16gb Gddr6, 128bits - VcnRTX2000ada-pb","R$ 7.347,16"
"Placa De Vídeo Zotac Nvidia RTX 4060, Spider-Man, 8GB, 128bits, Oc","R$ 2.873,72"
"Placa De Vídeo Nvidia Gpu GT 210, 512MB, DDR3, 64bits, PCIe","R$ 129,90"
"Placa de Vídeo Duex NVIDIA GeForce GTX 750TI, 2GB DDR5 - GTX750TI-2GD5","R$ 645,91"
"Placa De V?deo Vx Pro Nvidia Geforce Gtx750 Ti, 2gb, 128bits, Gtx750ti-2gd5 *","R$ 603,00"
Placa Vídeo Nvidia Gaming Geforce Gt730 2gb Ddr3 PCi Express,"R$ 289,81"
"Placa de Vídeo RX6600, 8GB GDDR6, 128Bit,Gaming, Clock 2495MHz, Banda 224GB/s","R$ 2.116,52"
"Placa de Vídeo Asrock Radeon RX 7600 XT Steel Legend, 16GB OC GDDR6, 128-bits, 3x DP, 1x HDMI - 90-GA4ZZZ-00UANF","R$ 3.719,49"
"Placa de Vídeo DEX NVIDIA GeForce GTX 750TI 700 Series, 2GB DDR5 - PV-07","R$ 1.117,11"
"Placa de Vídeo PCYES, AMD RX550, 4GB RAM, Open GL 4.6, DP+HDMI+DVI, Windows e Linux","R$ 854,05"
"Placa De Vídeo Zotac, RTX 3050, 6GB, Lp Gddr6, 96bits - Zt-a30510l-10l","R$ 1.520,00"
"Placa de Vídeo Asus NVIDIA GeForce RTX 2060, 12GB GDDR6, 128 Bits - DUAL-RTX2060-O12G-EVO","R$ 4.691,91"
"Placa De Vídeo Gamer Gt740, GDDR5 4gb, Clock 993mhz, PCi-e 3.0x16, 128bits, HDMI Dvi Vga, Alto Desempenho","R$ 457,81"
"Suporte Para Placa De Vídeo (GPU) GH3 PRO, Coolmoon, Ajuste Vertical, Branca, ARGB 5v, Com Visor de Temperatura e LED Infinito","R$ 195,16"
"Placa de Vídeo Afox NVIDIA GeForce GTX750TI, 2GB GDDR5, 128 Bits, HDMI/DVI/VGA - AF750TI-2048D5H5-V2","R$ 477,00"
Placa De Vídeo RTX 5080 16gb Phantom Gs Gd7 256b Gainward - Ne75080t19t2-gb2030p,"R$ 12.985,43"
"Placa de Vídeo Asus Dual NVIDIA GeForce RTX 4060 TI EVO OC, 8GB, GDDR6, 128 Bits - DUAL-RTX4060TI-O8G-EVO","R$ 6.119,90"
"Placa de Vídeo Afox NVIDIA GeForce GT610, 2GB DDR3 - AF610-2048D3L5","R$ 345,05"
Placa De Video Nvidia Gt 1030 4gb GDDR4 64bit PCyes Single Fan Com Adaptador Para Gabinete Low Profile,"R$ 794,43"
"Placa De Vídeo Asrock Arc A310 Low Profile, 4gb, Gddr6, 64-bit, Preto","R$ 1.237,00"
"Placa de Vídeo Gigabyte NVIDIA GeForce RTX 2060 D6, 6GB GDDR6, 192 Bits","R$ 4.419,79"
"Placa de Vídeo Afox AMD Radeon R5 230, 1GB DDR3, Low Profile - AFR5230-1024D3L4","R$ 193,49"
"Placa De Vídeo Galax, Geforce RTX 3050 Ex V2 (1-click Oc), 6gb, Gddr6 - 35nrldhp9oid","R$ 1.439,99"
"Placa de Vídeo Keepdata GTX750ti, 4GB, DDR5, VGA, 128bit - Kdgtx750ti-b","R$ 670,00"
Placa De Vídeo RTX 5070 Ti 16gb Gddr7 256bits Gaming Trio Oc Plus Msi - 912-v531-058,"R$ 9.621,00"
"Placa de Vídeo Afox NVIDIA GeForce GT220, 1024 MB DDR3, 128 Bits, Low Profile, HDMI, DVI, VGA - AF220-1024D3L2","R$ 284,17"
"Placa de Vídeo Inno3D RTX 5080 X3 OC WHITE NVIDIA GeForce, 16GB, GDDR7, G-Sync, Ray Tracing, DLSS 4, HDR - N50803-16D7X-17605211","R$ 12.999,99"
"Placa De Vídeo RX 6750 XT Mech 2x 12G V1 Radeon, 12GB, GDDR6, Freesync, Dual Fan","R$ 6.299,20"
"Placa de Vídeo PCYes NVIDIA GeForce GT 1030, 2GB GDDR5","R$ 689,00"
"Placa de Vídeo Afox AMD Radeon RX 560, 4GB GDDR5, 128 Bits - AFRX560-4096D5H4-V2","R$ 1.473,19"
"Placa De Vídeo Nvidia Duex Geforce Gt 730, 4GB, GDDR3, 128 Bits - Gt730lp-4gd3","R$ 1.324,63"
"Placa de Vídeo Gainward NVIDIA GeForce RTX 3070 Phoenix GS, 8GB GDDR6, RGB","R$ 7.929,37"
"Placa De Vídeo Asrock Arc A380 Challenger Itx Oc, 6gb, Gddr6, 96-bit, Preto","R$ 1.529,50"
"Placa De Video Nvidia Geforce Gt 1030 2Gb Gddr5 64bit, Single Fan Low Profile - Pa1030gtg5lp","R$ 615,90"
Placa De Video Vx Pro Geforce G210 512mb Ddr3 64 Bits G210lp-512md3 HDMI/vga/dvi,"R$ 106,00"
"Placa De Vídeo Duex Nvidia Gt210, 512MB, DDR3 64 Bits - G210lp-512md3","R$ 173,52"
"Placa de Vídeo Knup NVIDIA GeForce GT-210, 1GB DDR3, HDMI, 64 Bits","R$ 132,05"
Placa De Video Winfox G210 1gb G210-1gd3 Ddr3 Box,"R$ 136,07"
Cabo Riser Pci-e 3.0 X16 Thermaltake Premium - Ac-045-cn1otn-c1,"R$ 575,15"
"Placa de Vídeo PNY NVIDIA GeForce, RTXA2000 - VCNRTXA2000-PB I","R$ 4.890,19"
"Placa De Vídeo Pcyes GTX 750 Ti NVIDIA GeForce, GDDR5 2GB, 128bits, Dual Fan - Pj750tir5df 3568","R$ 558,32"
Placa De Vídeo Vxpro Nvidia Geforce Gtx 750 Ti 4gb GDDR5 128 Bits - Gtx750ti-4gd5,"R$ 599,99"
"Suporte Placa De Vídeo Coolmoon, Vertical, Branca, ARGB 5V 3 Pinos, Ajustável, LED Endereçável","R$ 112,53"
"Placa de Vídeo Afox NVIDIA GeForce GT730, 4GB DDR3, 128 Bits, HDMI/DVI/VGA","R$ 304,73"
Placa De Vídeo RTX 5070 Ti 16gb Phoenix Gddr7 256bits Gainward - Ne7507t019t2-gb2031x,"R$ 8.459,00"
"Suporte Para Placa De Vídeo Vertical Redragon Gcp03, Preto","R$ 110,00"
"Placa de Vídeo PNY NVIDIA GeForce Quadro Turing T1000, 4GB GDDR6, 128 Bits, DP - VCNT1000-PB","R$ 3.310,48"
"Suporte P/ Placa De Video, Em Gabinete, Deepcool, GH-01 A-RGB","R$ 229,90"
"Placa De Vídeo Vxpro RX 550 Radeon 4GB, DDR5, 128 Bits, Low Profile, HDMI/dVI/display Port - Vxrx550-4gd5","R$ 601,25"
Placa De Vídeo Gigabyte Geforce RTX 3050 Windforce Oc V2 6gb Gddr6 96 Bit,"R$ 1.677,81"
Placa De Video Brx Rx580 16gb 2048sp 256bit,"R$ 1.561,72"
"Placa De Vídeo Afox Nvidia GeForce GT 610, 1GB, DDR3, 64bit - AF610-1024D3L5","R$ 178,99"
"Placa de Vídeo Duex NVIDIA GeForce G 210, 1GB DDR3 - G210LP-1GD3","R$ 173,50"
"Placa De Vídeo Evolut Gt730, 4GB, DDR3, 128 Bit, HDMI","R$ 377,91"
"Placa De Vídeo Geforce RTX 3060 Twin Edge Zotac Gaming Geforce, 12gb Gddr6, 15 Gbps, Ray Tracing -zt-a30600-10m","R$ 2.693,22"
"Placa De Vídeo Duex Nvidia Geforce Gt 610 1Gb, Gddr3 64 Bits - Gt610","R$ 193,05"
"Placa De Vídeo Valianty Geforce Gt 750ti, 4gb, GDDR5, 128-bit, Preto","R$ 545,90"
Placa De Vídeo Star 2gb Geforce Gt610 Ddr3 PCi Express Graphic Series,"R$ 324,57"
"Placa De Vídeo Nvidia Pcyes Geforce RTX 3050, 8GB, 128 BITS - PVRTX30508GB","R$ 1.961,90"
"Placa de Vídeo Zotac NVIDIA GeForce GT730, 4GB DDR3, 64 Bits, Low Profile, HDMI/DVI/VGA - ZT-71115-20L","R$ 385,90"
Suporte Vertical Gpu Placa De Video Bracket PCi-e 4.0 16x,"R$ 539,00"
"Placa de Vídeo Gainward NVIDIA GeForce GT 1030, 2GB DDR4, 64 Bits, Low Profile Nec - 103000646-1082F D","R$ 825,14"
"Placa De Vídeo BRX, Nvidia GTX 1660 Super, 6GB, GDDR 6, 192Bit, VGA","R$ 2.080,53"
"Placa de Vídeo Nvidia Duex GT730, 4GB, DDR3, 128 Bits, Low Profile, HDMI, DVI, VGA - GT730LP-4GD3","R$ 459,00"
"Placa de Vídeo Inno3D RTX 5070 Twin X2 OC NVIDIA GeForce, 12GB, GDDR7, 2542MHz, Blackwell, Ray Tracing, DLSS 4 - N50702-12D7X-195064N","R$ 5.999,99"
"Placa de Vídeo RX 7900 XTX Magnetic Air Gaming Graphics Card with XFX Mercury AMD Radeon, 24GB GDDR6, Freesync - RX-79XMAIRB9","R$ 8.399,99"
Gpu Gt 1030 4gb GDDR4 64bit Single Fan Low Profile - Pagt10304gbg4lp,"R$ 659,09"
Placa De Vídeo Revenger Geforce 4gb Ddr5 128 Bits,"R$ 625,00"
"Placa de Vídeo Quadro RTX A4500 PNY NVIDIA, 20GB GDDR6, Ray Tracing - VCNRTXA4500-PB","R$ 12.999,99"
"Placa de Vídeo RTX 4060 TI Gaming X Slim MSI NVIDIA GeForce, 16G, DLSS3, Ray Tracing, G-Sync","R$ 4.099,99"
"Placa de Vídeo Palit Geforce GTX 1050 TI Stormx, 4GB, GDDR5, 128 Bits - NE5105T018G1-1070F","R$ 1.511,40"
"Bloco Vga Barrow Para Rtx 3080, 3080 Ti E 3090 Aorus - Bs-gix3090-pa2","R$ 699,00"
"Placa de Vídeo Galax NVIDIA GeForce GTX 1050 TI, 4GB GDDR5, 1Click OC Dual, 128 Bits - 50IQH8DSQ3CC","R$ 1.522,36"
"Placa de Video Zotac GeForce RTX 4080 AMP Extreme Airo, 16GB, GDDR6X, 256 bit - ZT-D40810B-10P","R$ 11.533,24"
"Placa De Vídeo BRX AMD R5 240, 2GB, GDDR 3, 128Bit","R$ 269,90"
"Placa De Vídeo Zotac Gaming Geforce RTX 4060 Ti Twin Edge Oc, 8GB, Gddr6, 128-bit, RGB","R$ 3.964,87"
Placa De Video Gigabyte Geforce RTX 5080 Aorus Master 16gb Gddr7 256 Bits,"R$ 14.886,69"
"Placa De Vídeo Msi RTX 5080 16gb Ventus 3x Oc, Gddr7, 256-bits, 3x Dp / 1x HDMI - 912-v531-262","R$ 15.122,60"
"Placa de Vídeo Challenger ASRock, AMD Radeon RX 7600, 8GB, GDDR6, 128 Bits - 90-GA41ZZ-00UANF","R$ 2.474,56"
"Placa de Vídeo Galax GeForce RTX 5070 Ti 16GB, GDDR7, 256-bit 1-Click OC","R$ 9.949,90"
Placa De Video Gt 1030 2gb 64bits PCwinmax Ddr4,"R$ 512,47"
Placa De Vídeo RTX 5070 Ti 16gb Inspire 3x Oc Plus Msi - 912-v531-099,"R$ 9.629,90"
"Placa de Vídeo MSI NVIDIA GeForce GTX 1050 TI 4GT OC, 4GB, Até 3 Monitores - 912-V809-2272","R$ 1.287,93"
"Placa de Vídeo Galax NVIDIA GeForce GTX 1630, 4GB DDR6, 64 Bits","R$ 1.267,91"
"Placa De Video PCyes Geforce Gt 610, 2gb, GDDR3, 64-bit, Ppe610dr3lpbr","R$ 222,06"
"Placa de Vídeo PCYes AMD Radeon RX 550, 4GB GDDR5, Grafiti Series - PAJRX550DR5DF","R$ 855,55"
"Placa De Vídeo Pcyes Projeto Edge GPU RTX 3050 NVIDIA Geforce, 8GB, GDDR6, 128Bit - PVRTX30508BLPE","R$ 1.599,99"
"Placa de Vídeo PCyes Radeon R5 230, 2GB, DDR3, Projeto Edge, Low Profile","R$ 228,72"
"Placa de Vídeo Gigabyte RX 9070 GAMING OC 16G AMD Radeon, 16GB, GDDR6, 256bits, RGB, OpenGL 4.6 - GV-R9070GAMING OC-16GD","R$ 6.999,99"
"Placa de Vídeo ASRock RX 9070 Steel Legend OC AMD Radeon, 16GB, GDDR6, FidelityFX, RDNA - 90-GA5EZZ-00UANF","R$ 6.499,99"
"Placa de Vídeo RX 7600 XT GAMING OC 16G AMD Radeon Gigabyte, 16GB GDDR6, 128bits, RGB - GV-R76XTGAMING OC-16GD","R$ 2.999,99"
"Placa De Vídeo Pcyes GT 740 NVIDIA GeForce 4GB, GDDR5, 128Bits, Single Fan - Pvgt7404gbr5128","R$ 651,06"
"Placa de Vídeo Asus NVIDIA GeForce GTX 1650 OC Phoenix, 4GB GDDR6 - PH-GTX1650-4GB6","R$ 1.599,90"
"Placa de Vídeo PCYes NVIDIA GeForce GPU R5 230, 2GB DDR3, 64 Bits, Low Profile - PJR230RLP","R$ 277,10"
Placa De Video 4gb R7 240 Ddr5 128bits Vga/hdmi/dvi Pj7r240dr5 Pcyes,"R$ 629,90"
Placa De Vídeo Arktek Cyclops Gaming 1gb Geforce Gt610 Ddr3 - Akn610d3s1gl1,"R$ 307,97"
Placa Mãe Fm2/fm2 Séries Cp Clipset Amda68 A88 16gb Usb 3.0,"R$ 279,99"
Placa Mãe Fm2/fm2 Séries Cp Clipset Amda68 A88 16gb Usb 3.0,"R$ 279,99"
Suporte Para Placa De Video Com Iluminacao ARGB - Mca-u000r-agsbtg-00,"R$ 511,42"
"Placa De Vídeo PCyes Geforce Gt 730, 4gb, Ddr5, 128bits - Pvgt730gb4pe","R$ 743,88"
Placa De Video Evga Geforce 210 1gb Ddr3,"R$ 327,00"
Placa De Video Asus Geforce Gtx 1050 Ti Oc Cerberus Edition 4gb GDDR5 128bits,"R$ 2.160,00"
Placa De Video Asus Geforce Cerberus Gtx 1050 Ti Oc 4gb - GDDR5 - HDMI/displayport/dvi,"R$ 2.300,00"
Placa De Vídeo Galax Geforce Gtx 1050 Ti 1 Click Oc 4gb GDDR5 128 Bits Dp/hdmi/dvi,"R$ 1.789,00"
Bloco Vga Barrow Para Rtx 3060ti E 3070 Asus Strix - Bs-ass3070-pa,"R$ 599,00"
Placa De Vídeo Afox 8GB Geforce RTX3060ti Gddr6 - Af3060ti-8192d6h4,"R$ 4.982,25"
Placa De Vídeo Asus RTX 3050 Oc Dual 6gb Nvidia Geforce Gddr6 Dual-RTX3050-6g,"R$ 1.799,90"
Placa De Video PCwinmax Radeon Rx 550 4gb GDDR5 128bits HDMI,"R$ 659,00"
Placa De Video Msi Geforce RTX 3050 Low Profile Oc 6gb - 96 Bits - 2 HDMI/1x Dp - 912-v812-023,"R$ 2.057,97"
Placa De Vídeo Gamer G-force Gt730 128bit 4gb Ddr3 HDMI Vga,"R$ 344,90"
Placa De Video RTX 2060 Super Gddr6 8GB 256bit Graffiti Series - Pa2060s25608g6fs,"R$ 2.123,94"
Placa De Video Inno3d Geforce RTX 5070 Twin X2 12gb 192bits Gddr7 N50702-12d7-195064n,"R$ 6.239,99"
"Gpu Gigabyte Radeon Rx 7600 Xt 16gb Gaming Oc, Gddr6, 128-bits, 2x Dp / 2x HDMI - Gv-r76xtgaming Oc-16gd","R$ 4.214,00"
Placa De Vídeo Gt730 Nvidia Geforce - 4gb Ddr3 - 128bit - HDMI/hdmi/vga - Clanm,"R$ 344,90"
MBA 15 SLV 10C GPU 16GB,"R$ 13.950,00"
"Placa De Vídeo Msi RTX 5080 16g Gaming Trio Oc Nvidia Geforce, 16gb, Gddr7, G-sync, Ray Tracing, Dlss 4, Hdr - G5080-16g","R$ 14.999,90"
"Placa De Vídeo Gtx1050ti Nvidia, 4gb GDDR5, Clock 7008mhz, 128 Bit, PCi Express 3.0 Resolução Máxima 7680x4320px, Displayport, HDMI E Dvi, Alto Desempenho","R$ 1.080,90"
Placa De Video Gigabyte RTX 5070 Ti Aorus Master 16gb Gddr7 256 Bits Gv-n507taorus M-16gd,"R$ 10.892,63"
Placa De Vídeo Gigabyte Geforce RTX 5070 Ti Gaming Oc 16gb Gddr7 256 Bits - Gv-n507tgaming Oc-16gd,"R$ 10.066,46"
"Placa De Vídeo Asrock Arc A770 Challenger Oc, 16gb, Gddr6, 256-bit, Preto","R$ 2.943,90"
"Placa De Vídeo Valianty Geforce Gt 750ti, 2gb, GDDR5, 128-bit, Preto","R$ 531,91"
Placa De Video PCyes Geforce RTX 3050 6gb Gddr6 96bits PvRTX30506blpe,"R$ 1.673,90"
"Placa De Vídeo Gigabyte Nvidia Geforce RTX 5070 Ti Windforce Oc Sff, 16gb, Gddr7, Dlss, Ray Tracing, Gv-n507twf3oc-16gd","R$ 8.173,19"
Vga Gainward Nv Gf RTX4060 8GB Python 11 Gd6 128bits,"R$ 2.492,99"
Placa De Vídeo RTX5070 12gb Phoenix Gddr7 192bits Gainward - Ne75070019k9-gb2050x,"R$ 7.029,79"
Placa De Video Zotac Geforce RTX 5070 Solid Oc 12gb Gddr7 192 Bit,"R$ 6.994,71"
"Placa De Vídeo Gt210, 1gb Ddr3, PCi-e 2.0x16, Clock 600mhz, 64bits,upgrade PC HDMI Vga Dvi, Pronta Entrega","R$ 138,63"
Placa De Vídeo PCyes RTX 3050 Projeto Edge 8GB Gddr6 128 Bits - PvRTX30508wtpe,"R$ 1.880,37"
"Placa De Vídeo RTX 4060,Nvidia Geforce Inno3d, 8GB, GDDR6, Twin X2, 128-bit","R$ 2.973,94"
"Placa De Vídeo Asrock Arc A750 Challenger D Oc, 8GB, Gddr6, 256-bit, Preto","R$ 2.249,90"
GPU GT730 GFORCE PCI-E 4GB DDR3 1284BITS JOINWIN,"R$ 607,05"
Placa De Video Nvidia Afox Geforce 600 Series Gt 610 Af610-2048d3l7-v6 2gb,"R$ 250,00"
Gpu Nvidia Geforce Gt740 2gb GDDR5 128 Bit Single Fan Projeto Edge - Pvgt740gb2pe,"R$ 719,88"
Placa De Vídeo PCyes RTX 3050 Projeto Edge 8GB Gddr6 128 Bits - PvRTX30508blpe,"R$ 2.123,94"
"Placa De Vídeo Nvidia Geforce 2gb Gt 705, Gdrr3, 64 Bit, Gt705/2g - Revenger","R$ 249,99"
Placa De Video 2gb Gf Gtx750ti PCi-e PCyes 128bits Ddr5 Pa750tir5df,"R$ 689,90"
Placa De Captura ELGA to Game Capture Hd60 S Usb 3.0,"R$ 2.900,00"
MBA 13 SLV 10C GPU 24GB,"R$ 16.180,00"
"Gpu Asrock Intel Arc B570 10g Challenger Oc, Gddr6, 160-bits, 3x Dp / 1x HDMI - B570 Cl 10go","R$ 2.980,00"
Geforce Rtx 3070 8gb Gddr6 256bits - Gamingpro Oc V1 - Palit Ne63070s19p2-1041a,"R$ 9.679,99"
"Placa de Vídeo MSI GeForce RTX 5070 Ti 16G INSPIRE 3X OC PLUS NVIDIA GeForce, 16GB, GDDR7, 256 bits, FP4 e DLSS 4 - G507T-16I3CP","R$ 8.999,99"
"Placa de Vídeo RTX 5080 SHADOW 3X OC 16G MSI NVIDIA GeForce, 16GB GDDR7, 256bits, DLSS, Ray Tracing - 912-V531-031","R$ 12.350,00"
Placa De Vídeo Rx 560 4gb GDDR5 128bits Bluecase,"R$ 689,99"
Placa De Video Winnfox 2gb Gt610lp,"R$ 249,40"
Placa De Vídeo PCyes RTX 3050 Projeto Edge 8GB Gddr6 128 Bits - PvRTX30508wtpe,"R$ 1.880,37"
"Placa De Vídeo Asrock Arc A750 Challenger D Oc, 8GB, Gddr6, 256-bit, Preto","R$ 2.249,90"
"Placa De Vídeo RTX 4060,Nvidia Geforce Inno3d, 8GB, GDDR6, Twin X2, 128-bit","R$ 2.973,94"
"Placa De Vídeo Pcyes Projeto Edge GPU RTX 3050 NVIDIA Geforce, 6GB, GDDR6, 96Bit - PVRTX30506BLPE","R$ 1.299,99"
Placa De Video RTX3050 6gb Gddr6 96bit 1-clickoc Galax 35nrldhp90dv,"R$ 1.425,08"
Suporte Para Placa De Video Com Iluminacao ARGB - Mca-u000r-agsbtg-00.,"R$ 400,14"
Placa De Vídeo PCyes Nvidia Geforce Gt 740 4gb GDDR5 128 Bits - Pvgt740gb4pe,"R$ 529,99"
Placa De Vídeo GDDR5 2gb 128bit PCle 3.0,"R$ 471,00"
"Placa de Vídeo Keepdata GT730, 2GB, DDR3, VGA, 128bit - Kdgt730-2gd3/","R$ 329,79"
Placa De Video Nvidia Geforce G210 1gb Ddr3 64 Bits PCyes Com Kit Low Profile,"R$ 154,00"
"Placa De Vídeo Gt 710 Inno3d 2GB SDDR3, 64bit","R$ 358,35"
Placa De Video Gpu Rx 550 4gb GDDR5 128 Bits Single Fan Graffiti Series PCyes,"R$ 1.770,00"
Placa De Video PCwinmax Gtx 1050 Ti 4gb GDDR5 128bits,"R$ 3.000,00"
Placa De Vídeo PCie Gt730 4gb PCwinmax Ddr3,"R$ 384,27"
"Placa de Vídeo AFOX GT 1030 NVIDIA GeForce 2GB, DDR5, HDMI/DVI","R$ 940,00"
"Placa de Vídeo Knup NVIDIA GeForce, 2GB DDR3, 64 Bits, VGA, HDMI, Para PC - KP-GT730/BB","R$ 585,16"
"Placa De V?deo Vx Pro Amd Radeon Rx550, 2gb, 128bits, Rx550-2gd5 Vx Pro","R$ 564,25"
Placa De Video 4gb Gtx750ti 128bit Dvi/hdmi/vga Ddr5 Lp Gtx 750 Ti Szmz,"R$ 632,03"
Placa De Video Asus Dual Oc 8GB Geforce RTX4060 Gddr6 - Dual-RTX4060-o8g-evo,"R$ 4.241,32"
"Placa De Video Tgt Geforce Gt730, 4gb, GDDR3, 128-bit, Tgt-gt730-4gb","R$ 549,00"
Placa De Vídeo Asus RTX 4060 Dual 8GB Evo Oc Nvidia Geforce Gddr6 Dual-RTX4060-o8g,"R$ 3.199,90"
"Placa Mãe Vxpro, Chipset H110, Intel LGA 1151, Slot M.2, Micro Atx, Dual Chanel Ddr4 - Vx H110xg M.2","R$ 562,06"
"Placa De Vídeo Manli RTX 3050 6gb, Gddr6, 96-bits, Dual-fan, 1x Dp / 1x HDMI - M-nRTX3050/6rehp-m2587.","R$ 1.768,90"
Placa De Vídeo Evolut Gpu Gt730 4gb Ddr3 128 Bit Atx,"R$ 419,90"
Placa De Vídeo RTX 3070 G/pro 8GB Gddr6 256 Bits-graffiti.,"R$ 3.815,40"
Amd Radeon Rx 7900 Gre 16gb Gddr6 256bits - Xfx - Rx-79gmercb9,"R$ 7.439,99"
Placa De Video Asus RTX 4060 Ti Rog Strix Oc Edition 8GB Gddr6 128 Bits Rog-strix-RTX4060ti-o8g-gaming,"R$ 4.506,90"
Placa De Vídeo Brx Nvidia Gt 1030 2gb GDDR5 HDMI Vga,"R$ 834,90"
Placa De Vídeo Brx Nvidia Gt 1030 4gb Ddr4 HDMI Vga,"R$ 869,90"
Placa De Video Nvidia Geforce Gt210/1g 1,"R$ 145,35"
Placa de Vídeo MSI GeForce RTX 5070 12G VENTUS 2X OC - G5070-12V2C,"R$ 6.299,99"
"Placa De Video Palit Geforce RTX 5070 Gaming Pro, 12gb, Gddr7, 192bit ARGB Sync Evo, G-sync, Ray Tracing, Dlss 4 - Ne75070019k9-gb2050a","R$ 8.498,75"
Suporte Universal Para Placa De Video Com Iluminação ARGB - Mca-u000r-gsbtg-00,"R$ 304,01"
"Gpu Asus Prime RTX 5070 12gb, Gdddr7, 192-bits, 3x Dp / 1x HDMI - Prime-RTX5070-12g","R$ 8.547,50"
Placa De Vídeo Quadro RTX 4500 Ada Generation 24gb Gddr6 192bits Pny - VcnRTX4500ada-pb,"R$ 26.687,28"
"Placa De Vídeo Gpu Inno3d Geforce RTX 4060 Twin X2 Oc, 8GB, GDDR6, 128-bit N40602-08d6x-173051n","R$ 3.212,40"
Placa De Video Gigabyte RTX 5070 Ti Aero Oc 16gb Gddr7 256 Bits Gv-n507taero Oc-16gd,"R$ 10.287,27"
Placa De Video Msi Geforce RTX 5070 Gaming Trio Oc 3x 12gb - 192 Bits - HDMI/3x Dp - 912-v532-019,"R$ 8.999,00"
"Placa De Vídeo GDDR3 1gb Gt340, Clock 600mhz, PCi-e 2.0 16x, Upgrade PC HDMI Dvi Vga","R$ 165,63"
Amd Radeon Rx 6600 8GB Gddr6 128bits - Superframe Falcon Series - Sf-gc-fcam66008gd6w,"R$ 1.949,99"
Placa De Video PCyes Rx 570 Radeon 8GB GDDR5 256bits Pvex5708GB2f,"R$ 899,95"
"Placa De Vídeo Gt730, Inno3d, Nvidia Geforce , 2GB, SDDR3, 64bit","R$ 447,90"
"Placa De V?deo Vx Pro Nvidia Geforce Gtx1050 Ti, 4gb, 128bits, Gtx1050ti-4gd5 Vx Pro","R$ 1.059,00"
"Placa De Vídeo Gainward RTX 5070 Phoenix Gs, 12gb, Gddr7, G-sync, Ray Tracing, Dlss 4 - Ne7507ts19t2-gb203","R$ 6.399,20"
"Placa De Video Pcyes Nvidia Geforce, Rtx 3060, 12GB, DDR6, 192 Bit, Graffiti Series, FULL Size, Dual Fan - Pgs3060fs192","R$ 2.499,00"
Placa De Video RTX4060 8GB Gddr6 128bits Dual Fan Verto Pny Vcg40608dfxpb1-o,"R$ 2.564,84"
"Placa De Vídeo Zotac RTX 5090 32gb Solid Oc, Gddr7, 512-bits, 3x Dp / 1x HDMI - Zt-b50900j-10p","R$ 27.905,00"
"Placa De Vídeo Gigabyte Amd Radeon Rx 9070 Xt Elite, 16gb, Gddr6, Fsr, Ray Tracing, Gv-r9070xtaorus E-16gd","R$ 12.599,91"
"Placa de Vídeo AFOX GeForce GTX750TI 2GB, GDDR5, 128 Bits, HDMI/DVI/VGA - AF750TI-2048D5H5-V7","R$ 759,00"
Placa de Video 1Gb GT710 Ddr3 64bit Vga/Dvi/Hdmi Low Profile AF710-1024D3 Afox,"R$ 323,83"
"Placa de Vídeo AFOX GeForce GTX750TI, 2GB, GDDR5, 128 Bits, HDMI/DVI/VGA - AF750TI-2048D5H5-V7","R$ 1.004,40"
"Placa de Vídeo Gainward NVIDIA GeForce GTX 1660 Super, 6GB GDDR6, 192 Bits, Dual FAN","R$ 5.592,00"
Adaptador Para Duas Fontes E Mineração Psuad 2psu/1pc Tx-n02-b 4pinos Molex,"R$ 21,90"
Bloco VGA Barrow Para Rtx 3080 (ti) E Rtx 3090 Msi Gaming Trio - Bs-msg3090m-pa,"R$ 599,00"
